id,First_name,Last_Name,Email,Phone,Address,Birthday
B000000001,Jim,Gulley,Jim.Gul@hotmail.com,080-318-2644,"6398 Douglas Park North Edward, WV 09233",1991-03-13
B000000002,Dolores,Hebert,Dolores.Heb@outlook.com,091-976-5759,"8698 Laura Port Suite 979 Sarahmouth, MD 28995",1995-12-07
B000000003,John,Forsyth,John.For@outlook.com,090-921-4646,"33540 Carlos Gateway Suite 422 Clarkmouth, AR 34126",1990-04-10
B000000004,Erika,Severance,Erika.Sev@outlook.com,084-997-1472,"8641 Wilson Plains Donaldsontown, KY 97121",1991-01-12
B000000005,Pauline,Cybulski,Pauline.Cyb@hotmail.com,094-106-1808,"48478 Adams Junction Suite 066 South Ivan, ND 24219",1991-05-28
B000000006,Dennis,Gaccione,Dennis.Gac@gmail.com,080-906-9074,USCGC Nixon FPO AA 40564,1985-08-31
B000000007,Richelle,Parks,Richelle.Par@outlook.com,094-504-8735,"41451 Nielsen Stream Richmondhaven, IA 30740",1999-03-17
B000000008,Kirk,Keene,Kirk.Kee@hotmail.com,092-664-6738,"2187 Parker Forge Suite 891 Tiffanybury, OK 80070",1997-06-08
B000000009,Donna,Quarterman,Donna.Qua@gmail.com,081-000-7769,"020 Craig Point Apt. 138 Marcuschester, WY 31268",2005-11-28
B000000010,Charles,Drummond,Charles.Dru@outlook.com,091-230-3725,"948 Heather Station Apt. 447 West Alexanderbury, TX 69210",1997-12-24
