id,First_name,Last_Name,Email,Phone,Address,Birthday
M000000001,Clark,Swope,Clark.Swo@hotmail.com,081-057-1030,"38658 Beck Burgs Suite 090 East Robertfurt, ME 24017",1996-08-04
M000000002,Ronald,Watt,Ronald.Wat@gmail.com,087-896-0043,"759 Foster Plains Apt. 436 Lake Meganborough, OH 73557",2000-09-02
M000000003,Cynthia,Cessor,Cynthia.Ces@hotmail.com,088-171-0671,"5212 Wallace Keys Apt. 882 Lake Davidport, AR 47175",2003-08-24
M000000004,Paul,Benson,Paul.Ben@gmail.com,093-909-0538,"87118 Gibbs Stream Suite 626 Stewartton, MN 90560",2001-01-13
M000000005,Young,Jones,Young.Jon@outlook.com,082-803-9433,"156 Andrew Ports Barnesshire, NH 52080",1990-08-17
M000000006,John,Sager,John.Sag@hotmail.com,094-012-2069,"2424 Maurice Curve Suite 728 Yangborough, MO 44659",1998-01-08
M000000007,William,Lonergan,William.Lon@outlook.com,089-523-1913,"30455 Stephen Island Apt. 087 Port Scottside, LA 85719",1987-12-10
M000000008,Jessica,Mauriello,Jessica.Mau@outlook.com,089-588-5160,"63025 Claudia Wall Apt. 021 South Kimberly, MD 37860",1995-05-26
M000000009,Ann,Howard,Ann.How@outlook.com,086-505-4867,"468 Jasmine Burg Shepardberg, OH 42876",1997-10-11
M000000010,Sergio,Corliss,Sergio.Cor@outlook.com,089-522-3548,"522 Bailey Light Apt. 827 North William, RI 91460",1997-02-06
