id,First_name,Last_Name,Email,Phone,Address,Birthday
T000000001,Steven,Emerson,Steven.Eme@gmail.com,086-533-5071,"437 Wheeler Fords Suite 383 Williamsfurt, MT 74403",1986-11-03
T000000002,Alice,Thomas,Alice.Tho@outlook.com,092-957-3243,"873 Garcia Estates East Frank, NM 51572",1992-11-20
T000000003,Ronald,Bahena,Ronald.Bah@hotmail.com,085-886-5825,"2885 Hartman Street Apt. 443 Sarahstad, ME 33545",1998-02-07
T000000004,Arthur,Schell,Arthur.Sch@gmail.com,090-734-0790,"379 Courtney Flats Suite 550 Christineport, ND 03008",2004-04-23
T000000005,Christina,Arrington,Christina.Arr@gmail.com,081-423-2155,"60062 Ann Alley Alexstad, DE 50247",1994-09-10
T000000006,Sheila,Richardson,Sheila.Ric@outlook.com,092-078-9518,"2972 Tamara Lodge Loganbury, NM 75661",1988-12-28
T000000007,Nicole,Collins,Nicole.Col@hotmail.com,090-562-1938,"434 Henderson View Apt. 282 Chrisland, TX 22845",1997-01-03
T000000008,Lisa,Jones,Lisa.Jon@gmail.com,084-667-4133,"9159 Gamble Pike Suite 455 Lake Samantha, KY 13862",1996-09-18
T000000009,Tiffani,Gross,Tiffani.Gro@gmail.com,088-630-4543,"99148 Sweeney Point Suite 648 Dodsonburgh, SD 53223",1994-02-05
T000000010,Paulette,Bray,Paulette.Bra@outlook.com,094-019-5563,"174 Joshua Port Suite 217 Frostfort, OR 64277",2004-05-12
T000000011,Dorothy,Worsley,Dorothy.Wor@hotmail.com,086-336-3044,"52528 Perry Ports Suite 030 Janicefort, ND 45757",1993-04-09
T000000012,Chris,Sims,Chris.Sim@hotmail.com,094-228-8141,"1798 Roberson Underpass South Thomasstad, MN 10196",1989-02-12
T000000013,James,Jones,James.Jon@hotmail.com,094-482-5536,"18542 Flores Mountain Suite 325 South Andrea, SC 77561",1995-01-16
T000000014,David,Christman,David.Chr@outlook.com,092-798-2867,Unit 9612 Box 9150 DPO AE 19264,2004-10-28
T000000015,Amado,Mclaughlin,Amado.Mcl@outlook.com,094-550-7615,"650 Warner Shore Apt. 068 Lake Jenniferbury, TX 99897",1985-08-03
T000000016,Joseph,Correia,Joseph.Cor@hotmail.com,090-821-2821,"3844 Karen Springs Apt. 262 North Zachary, WY 83288",1985-06-14
T000000017,Hollie,Egnew,Hollie.Egn@hotmail.com,090-976-8671,"76259 Park Place Suite 949 South Timothy, MS 12206",1995-09-23
T000000018,James,Simpson,James.Sim@outlook.com,087-305-4448,"0358 Charles Center South Stephenburgh, MA 23691",1994-12-04
T000000019,Shirl,Kim,Shirl.Kim@gmail.com,085-545-9294,"479 Jeff Orchard Elliotttown, OR 40727",2004-04-30
T000000020,Dorothy,Hallmark,Dorothy.Hal@gmail.com,086-227-5503,Unit 5930 Box 3572 DPO AP 24745,2006-04-28
T000000021,Juanita,Olsen,Juanita.Ols@outlook.com,090-986-9037,"21029 Jenna Coves Suite 903 Simpsonfurt, AR 13913",1997-09-25
T000000022,Kelli,Williams,Kelli.Wil@outlook.com,086-100-9370,"220 Christine Viaduct Suite 184 Brownhaven, ND 61035",1995-05-21
T000000023,Suzanne,Hood,Suzanne.Hoo@gmail.com,090-371-7343,USNV Rios FPO AP 40460,1991-04-25
T000000024,Eric,Cordova,Eric.Cor@hotmail.com,093-728-4051,"1879 Kelly Corner Hoganmouth, KS 98131",1999-08-03
T000000025,Teresa,Alexandra,Teresa.Ale@gmail.com,086-043-6555,"67542 Samuel Garden Rothside, MO 34214",2000-03-21
T000000026,Ashley,Gardner,Ashley.Gar@gmail.com,086-678-0463,"49629 Holder Stream Calderontown, CT 57672",1996-01-22
T000000027,Paul,Jobe,Paul.Job@gmail.com,089-968-0692,Unit 0926 Box 1526 DPO AA 93722,1997-04-18
T000000028,Jermaine,Cohen,Jermaine.Coh@outlook.com,088-691-0543,"91887 Nicole Views Suite 041 Donnastad, CT 07171",1996-12-05
T000000029,Mildred,Huddleston,Mildred.Hud@hotmail.com,094-529-5697,"433 Lisa Stravenue Ashleefort, MD 98830",1996-05-31
T000000030,John,Moore,John.Moo@gmail.com,086-519-4956,"14392 Isaac Shoal Apt. 405 Hudsonborough, ID 02541",1986-07-16
T000000031,Berna,Englert,Berna.Eng@outlook.com,080-580-8826,"37304 Melissa Underpass Lopezport, CT 73997",1990-04-15
T000000032,Robert,Nelson,Robert.Nel@outlook.com,088-980-2810,"357 Matthew Mountain Suite 538 Danielstown, GA 82984",1994-07-11
T000000033,Hallie,Samuelson,Hallie.Sam@gmail.com,091-399-1899,"77005 Marc Island Apt. 833 New Jerryville, WV 11222",1996-01-21
T000000034,Dustin,Karl,Dustin.Kar@outlook.com,085-540-1915,"0693 Ware Vista Apt. 067 Carolynmouth, TX 92366",1999-06-04
T000000035,Ryan,House,Ryan.Hou@gmail.com,091-709-7202,"40684 Erica Spur Apt. 078 Millerport, ND 61467",2006-03-01
T000000036,Blair,Leduc,Blair.Led@outlook.com,086-785-4462,"382 Dana Vista Robertstad, ME 80487",1992-01-10
T000000037,Mary,King,Mary.Kin@hotmail.com,089-789-0067,"03517 Farmer Plain Gonzalezhaven, HI 09601",1999-02-13
T000000038,Mary,Chesla,Mary.Che@hotmail.com,091-381-2707,"655 Alex Shores Suite 831 Wallacehaven, MT 78799",1989-03-09
T000000039,Mark,Hottle,Mark.Hot@hotmail.com,082-424-7912,"985 Michael Prairie Apt. 320 Travisville, AR 70891",2004-02-19
T000000040,Richard,Montgomery,Richard.Mon@outlook.com,083-630-2359,"74110 West Stream Apt. 409 Port Autumn, KY 33586",1995-08-30
T000000041,Bonnie,Nelson,Bonnie.Nel@hotmail.com,083-258-0941,"80758 Carol Harbors Jessechester, VT 39355",1998-02-02
T000000042,Dora,Hicks,Dora.Hic@outlook.com,085-574-4566,USNS Ingram FPO AE 71176,1994-02-18
T000000043,Allan,Cannon,Allan.Can@hotmail.com,094-537-3540,"81974 Johnson Corners Apt. 109 Aguilarburgh, WI 67440",1995-02-15
T000000044,Quincy,Jones,Quincy.Jon@gmail.com,091-720-4005,"897 Randall Circle Apt. 911 Stewartfurt, NE 06662",1998-06-15
T000000045,Jennifer,Trantham,Jennifer.Tra@gmail.com,089-755-2606,"099 Stuart Hollow Apt. 866 West Anntown, MI 27389",1992-02-24
T000000046,Donald,Burgess,Donald.Bur@outlook.com,088-060-8752,"264 Baker Lights Patrickmouth, TX 01050",1993-05-25
T000000047,Kristina,Epperson,Kristina.Epp@hotmail.com,089-648-5015,"249 Anthony Plain Suite 167 Ericaland, VA 61601",1995-01-12
T000000048,Demetra,Page,Demetra.Pag@outlook.com,087-227-7232,"5159 Jones Village Suite 743 South Andrea, ID 19050",1998-11-01
T000000049,Samuel,Lewis,Samuel.Lew@outlook.com,083-343-7966,"PSC 7787, Box 5683 APO AP 76939",2002-01-08
T000000050,Nicholas,Crum,Nicholas.Cru@gmail.com,093-912-7264,"674 Shannon Centers Gregoryhaven, VA 76985",1987-01-05
T000000051,Alexander,Guzman,Alexander.Guz@outlook.com,082-421-5218,"929 Hooper Circles Apt. 647 New Timothyburgh, IN 50024",1996-03-16
T000000052,William,Hyde,William.Hyd@hotmail.com,090-853-8573,"2343 Timothy River Apt. 995 North Thomas, SD 54409",1998-08-16
T000000053,Tony,Tina,Tony.Tin@gmail.com,093-113-3509,"40148 Timothy Lake Gloriamouth, FL 94640",1987-07-30
T000000054,Julius,Pollard,Julius.Pol@hotmail.com,083-759-3912,"1765 Matthew Glens North Christopher, OK 90073",1988-08-24
T000000055,Robert,Johnson,Robert.Joh@hotmail.com,093-512-7670,"0388 Eric Expressway Suite 909 Reidside, TX 69570",2001-04-19
T000000056,Mary,Silverman,Mary.Sil@gmail.com,094-610-3660,"05116 Richard Greens Lake Victoria, ID 50496",1987-06-10
T000000057,Lamar,Swanson,Lamar.Swa@outlook.com,087-636-2118,"3031 Ryan Fort Deborahberg, UT 15369",2003-08-01
T000000058,Elaine,Steed,Elaine.Ste@gmail.com,082-905-9068,"8362 Wesley Highway Suite 926 Berryburgh, FL 52393",1990-03-06
T000000059,Michael,Flores,Michael.Flo@outlook.com,081-411-3414,Unit 4340 Box 8670 DPO AP 49084,1995-10-08
T000000060,Robert,Vanicek,Robert.Van@outlook.com,081-191-2393,"62206 Douglas Vista Apt. 109 East Daniel, MN 48339",2005-01-16
T000000061,Mara,Tovar,Mara.Tov@hotmail.com,081-841-4415,"888 Johnson Isle Susanmouth, AL 16659",1990-07-07
T000000062,Enrique,Ayres,Enrique.Ayr@outlook.com,086-087-9660,"568 Angela Shore North Staceyfort, RI 38242",2001-05-24
T000000063,Charles,Wood,Charles.Woo@hotmail.com,080-648-5852,"4207 Brian Mount Suite 931 East Antonio, CO 74445",1985-05-28
T000000064,David,Castro,David.Cas@outlook.com,084-250-4442,"023 Patton Summit Suite 250 West Kimberly, MD 96823",1991-05-20
T000000065,Charles,Wilkerson,Charles.Wil@outlook.com,089-783-2117,USS Wood FPO AE 01947,1989-06-15
T000000066,Aldo,Rostad,Aldo.Ros@gmail.com,089-798-0618,"4563 Rhonda Trail Suite 021 South Jamesfurt, VT 03166",1999-04-17
T000000067,Curtis,Varga,Curtis.Var@gmail.com,088-003-5866,"103 William Lodge Woodbury, MI 97757",2003-12-21
T000000068,Christina,Ward,Christina.War@outlook.com,091-556-9083,"992 Robert Views Smithshire, NE 91060",2003-01-09
T000000069,Ryan,Stringham,Ryan.Str@outlook.com,093-967-8641,"45236 Jackson Circles South Sharonstad, WI 39139",2004-07-08
T000000070,Pauline,Jones,Pauline.Jon@outlook.com,084-079-7233,"75469 Christina Lake Apt. 835 Barneston, UT 03272",1997-01-01
T000000071,Jacob,Scott,Jacob.Sco@outlook.com,082-631-7731,"31897 Leonard Locks South Courtney, AK 47558",1994-08-18
T000000072,John,Garza,John.Gar@gmail.com,093-213-6545,"889 Amanda Crossing Port Robin, LA 61104",1990-09-12
T000000073,Randall,Renn,Randall.Ren@hotmail.com,087-102-1187,"PSC 8790, Box 3430 APO AP 57209",1993-03-06
T000000074,Joann,Basha,Joann.Bas@outlook.com,090-949-7023,"934 Schmitt Grove West Jeffrey, ND 97683",2001-03-28
T000000075,William,Howe,William.How@outlook.com,080-520-8131,"1146 Robinson Loop Williamsborough, OH 71542",1985-10-03
T000000076,Adrian,Wheeler,Adrian.Whe@gmail.com,091-615-0538,"77639 Hudson Row Suite 485 Aprilville, CA 64503",1993-05-30
T000000077,Hortencia,Mcvay,Hortencia.Mcv@hotmail.com,086-833-8335,"7893 Lawrence Court Apt. 798 Washingtonbury, RI 50703",2003-04-20
T000000078,Robert,Murphy,Robert.Mur@gmail.com,085-458-0532,"43866 Christopher Villages Apt. 564 Monicaview, PA 69919",1999-11-04
T000000079,Solomon,Pujols,Solomon.Puj@outlook.com,085-091-1733,"PSC 1332, Box 8380 APO AP 58072",2006-01-18
T000000080,Jeffrey,Beebe,Jeffrey.Bee@gmail.com,087-727-8675,"96597 Stevens Fields Brownbury, GA 97233",1987-05-21
T000000081,Wayne,Shattuck,Wayne.Sha@gmail.com,082-811-5091,"0700 Kristina Island Suite 641 Port Charles, NC 25638",1985-08-17
T000000082,Cedric,Lane,Cedric.Lan@hotmail.com,084-775-3760,"737 Roberts Square Suite 716 Escobarberg, OR 72416",2001-11-08
T000000083,Cindy,Rosa,Cindy.Ros@outlook.com,081-010-8748,"PSC 7152, Box 7522 APO AA 45988",1987-11-18
T000000084,Ryan,Birnbaum,Ryan.Bir@outlook.com,092-057-8361,"91279 Jane Radial Apt. 793 Conwayshire, CT 39146",1998-03-02
T000000085,Marie,Foster,Marie.Fos@gmail.com,086-675-1472,"27865 Hurst Flats Donnaville, SC 73393",1998-12-06
T000000086,Eric,Griffiths,Eric.Gri@outlook.com,084-790-1123,"257 Roman Oval Apt. 374 North Kimberlychester, CT 11134",1994-09-15
T000000087,Ashley,Mccabe,Ashley.Mcc@outlook.com,082-135-8405,"223 Gaines Meadows Suite 030 East Brittanyland, GA 18431",1993-06-25
T000000088,Tamara,Owen,Tamara.Owe@gmail.com,082-592-5525,"4105 Shelton Mission Apt. 062 Reevesland, SD 75741",1989-09-04
T000000089,Charles,Phillips,Charles.Phi@outlook.com,094-536-9510,"PSC 8903, Box 2244 APO AP 94311",1993-01-01
T000000090,Nell,Smith,Nell.Smi@gmail.com,084-605-5569,"PSC 4220, Box 3470 APO AA 31829",1990-12-10
T000000091,Jordan,Kountz,Jordan.Kou@gmail.com,093-789-9842,"61084 Sharon Inlet Dustinburgh, NV 68067",2001-03-27
T000000092,Paul,Linkous,Paul.Lin@gmail.com,081-675-9252,"31090 Holly Spurs Beardshire, MN 87354",1991-03-29
T000000093,Roberto,Brewer,Roberto.Bre@outlook.com,086-132-3723,"82595 Preston Ways Suite 895 Boydstad, WV 94086",1998-09-18
T000000094,Neva,Morris,Neva.Mor@hotmail.com,080-655-4475,"93597 Winters Knoll Christianbury, PA 80508",2004-08-31
T000000095,Lisa,Long,Lisa.Lon@gmail.com,085-272-5535,"7517 Oneill Corner Justinfort, LA 32084",1999-02-25
T000000096,Annette,Christensen,Annette.Chr@outlook.com,091-721-0416,"832 Smith Causeway East Darrenstad, AZ 87202",1991-09-01
T000000097,Evelyn,White,Evelyn.Whi@gmail.com,093-551-6284,"68554 Steve Cliffs Burtonburgh, NJ 52145",1997-10-21
T000000098,Mary,Crenshaw,Mary.Cre@outlook.com,084-693-1956,"3124 Jennifer Glens Rodneyhaven, NH 65975",1987-07-26
T000000099,Juanita,Young,Juanita.You@gmail.com,094-623-9345,"46397 Mcdonald Land South Denise, VA 83349",1986-06-30
T000000100,Dorothy,Makris,Dorothy.Mak@hotmail.com,083-412-3856,"947 Brooke Burg Suite 719 Laurenton, MN 05290",2006-04-26
