id,First_name,Last_Name,Email,Phone,Address,Birthday,Manager_ID
T000000001,John,Maples,John.Map@gmail.com,092-026-3265,"9960 Craig Squares Apt. 483 Nicholasmouth, ND 46309",1994-01-18,M000000005
T000000002,John,Robinson,John.Rob@gmail.com,087-985-6908,"3016 Johnson Corner Sparksbury, KS 51857",2000-07-13,M000000010
T000000003,Christine,Green,Christine.Gre@gmail.com,081-713-9107,"175 Andrew Points Suite 972 South Austinville, NM 52557",2006-07-20,M000000006
T000000004,John,Tester,John.Tes@hotmail.com,092-784-6668,"749 Smith Prairie Suite 498 East Brittanyfurt, ID 71282",1986-11-28,M000000004
T000000005,Amy,Gober,Amy.Gob@hotmail.com,082-997-9466,"500 Dominique Centers Suite 906 Sandersfort, SD 64379",2000-03-19,M000000009
T000000006,Jamie,Hall,Jamie.Hal@hotmail.com,082-525-7007,"813 Margaret Drives Apt. 274 Port Joshualand, MA 26858",2001-10-28,M000000003
T000000007,Frances,Goodman,Frances.Goo@hotmail.com,087-979-3277,"PSC 3026, Box 0636 APO AP 12879",1991-02-12,M000000009
T000000008,Todd,Lewis,Todd.Lew@outlook.com,089-233-4977,"904 Hernandez Plain New Mariaton, HI 79604",1993-11-03,M000000010
T000000009,Margaret,Shafer,Margaret.Sha@outlook.com,085-030-4714,Unit 4413 Box 2235 DPO AP 25546,2006-10-17,M000000002
T000000010,Daniel,Schauman,Daniel.Sch@outlook.com,083-772-6461,"65935 Michael Roads Lake Joshuaville, KS 46015",2002-04-08,M000000010
T000000011,David,Cowan,David.Cow@gmail.com,091-271-0044,"302 Sean Forks Apt. 746 South Katherine, WA 71323",2001-05-25,M000000005
T000000012,Alfred,May,Alfred.May@hotmail.com,085-566-3575,"52534 Robin Summit Toddborough, UT 83254",2002-01-01,M000000010
T000000013,Ryan,Morrison,Ryan.Mor@hotmail.com,091-868-1034,"96353 Contreras Knoll Apt. 634 East Crystal, LA 09302",1994-08-29,M000000007
T000000014,Rita,Morris,Rita.Mor@outlook.com,089-312-1705,"9335 Ralph Ranch Suite 569 Lake Sarah, WI 49233",1989-04-12,M000000007
T000000015,Janet,Race,Janet.Rac@gmail.com,091-933-3738,"982 Adrian Walk Suite 058 Derrickton, GA 42982",1993-12-02,M000000004
T000000016,Carli,Gaughan,Carli.Gau@outlook.com,081-549-9361,"80265 Spencer Cove Stevenmouth, MN 71176",1999-11-18,M000000006
T000000017,Mary,Lujan,Mary.Luj@gmail.com,088-988-1409,"2328 Henson Crossroad Suite 061 Loganstad, TX 95549",1993-05-06,M000000001
T000000018,Geri,Fettig,Geri.Fet@gmail.com,088-115-6323,"6936 Garza Shoals Phillipsmouth, VA 08955",2005-12-09,M000000003
T000000019,Dolores,Linton,Dolores.Lin@outlook.com,092-884-2485,"900 Ashley Mews Apt. 057 East Williamberg, UT 86355",1992-03-09,M000000009
T000000020,Michael,Arthur,Michael.Art@outlook.com,084-694-5535,"161 Johnston Ridges New Leahhaven, NM 05032",1995-11-19,M000000008
T000000021,James,Rivas,James.Riv@outlook.com,087-813-9997,"97565 Mcmillan Haven North Jill, IA 34518",2000-04-28,M000000008
T000000022,Raquel,Neher,Raquel.Neh@hotmail.com,088-357-4680,"6786 King Drive Smithview, TX 96044",2006-07-29,M000000008
T000000023,Steven,Zadow,Steven.Zad@outlook.com,084-827-9691,"01484 Samantha Lights Staceyville, NY 65104",1990-08-27,M000000002
T000000024,David,Epley,David.Epl@outlook.com,080-224-7635,"6394 James Streets Suite 346 Jontown, NE 86475",2005-01-07,M000000010
T000000025,August,Bounds,August.Bou@outlook.com,083-186-3482,"837 Lisa Rest Port Charleshaven, NC 74495",1989-12-24,M000000010
T000000026,Steven,Hurrington,Steven.Hur@gmail.com,081-529-9135,"98571 Sarah Common Apt. 890 Lake Adam, MN 16903",1996-11-10,M000000005
T000000027,Peter,Takemura,Peter.Tak@outlook.com,094-345-1181,"5879 Zimmerman Ports Apt. 685 Vegamouth, OH 14847",1994-06-18,M000000005
T000000028,Latoya,Peters,Latoya.Pet@hotmail.com,081-516-1869,"9501 Thomas Viaduct Apt. 179 Anthonyberg, VT 92267",1996-09-18,M000000003
T000000029,Donna,Dawkins,Donna.Daw@gmail.com,090-838-8808,"1676 Melissa Points Suite 015 Ronnieview, TN 37178",1989-07-30,M000000003
T000000030,Jennifer,Noeldner,Jennifer.Noe@gmail.com,090-574-1996,"4344 Simon Ports New Jacob, TX 17562",1998-12-19,M000000010
T000000031,Matthew,Herrera,Matthew.Her@hotmail.com,087-504-0604,"483 Michelle Dam South Kevinborough, KS 72611",1999-01-04,M000000001
T000000032,Barbara,Reichert,Barbara.Rei@gmail.com,080-848-9743,"5515 Anderson Coves Donnatown, MT 57138",2006-06-01,M000000009
T000000033,Kristen,Granier,Kristen.Gra@outlook.com,082-367-2960,"4167 Benjamin Fork Apt. 950 Port Jorgefort, SC 90118",1990-12-10,M000000007
T000000034,Adelina,Baez,Adelina.Bae@outlook.com,091-650-2445,"732 Allison Summit Andreastad, CT 80111",1985-12-19,M000000005
T000000035,Robert,Hill,Robert.Hil@outlook.com,084-761-1830,"069 Patrick Shoal Suite 458 Cabreraside, NM 02642",1987-07-08,M000000008
T000000036,Jason,Rogers,Jason.Rog@gmail.com,091-765-3890,Unit 3204 Box 4213 DPO AA 72294,1995-02-26,M000000004
T000000037,Margaret,Rivera,Margaret.Riv@hotmail.com,083-424-4930,"558 James Burgs Patrickfort, LA 34536",1987-12-05,M000000010
T000000038,Clifford,Davis,Clifford.Dav@outlook.com,089-103-6954,"97336 Mary Mountains Hallchester, HI 55287",1995-09-01,M000000005
T000000039,Margarita,Johnson,Margarita.Joh@outlook.com,093-430-5955,"682 Stephanie Knoll Apt. 721 Smithfurt, AK 64250",1989-12-10,M000000006
T000000040,Russell,March,Russell.Mar@outlook.com,080-990-3710,"180 Sharp Throughway Suite 906 Port Michael, CT 74268",1999-09-03,M000000004
T000000041,Danny,Peterson,Danny.Pet@gmail.com,089-298-1570,"01030 Ruiz Brook Apt. 694 West Carla, AK 56785",2004-11-03,M000000007
T000000042,Kevin,Coleman,Kevin.Col@gmail.com,080-523-6209,"6026 Eric Avenue Gabrielmouth, MT 21697",1993-05-05,M000000002
T000000043,Janice,Harloff,Janice.Har@hotmail.com,087-423-4497,"153 Smith Land Calhounshire, AL 03518",1999-02-07,M000000009
T000000044,Charles,Maney,Charles.Man@gmail.com,093-250-7935,"12907 Laura Junction Larsontown, NM 71847",1991-12-05,M000000003
T000000045,Cheryl,Baldyga,Cheryl.Bal@hotmail.com,093-952-5895,"886 Steven Mews Apt. 243 New Shannonport, CT 92793",2002-10-22,M000000010
T000000046,Laura,West,Laura.Wes@hotmail.com,093-661-1485,"24722 Vasquez Estates Apt. 777 Lake Michaelhaven, MO 98262",1996-02-07,M000000010
T000000047,Helen,Gomez,Helen.Gom@gmail.com,085-359-2445,"7312 Jones Views East Joanna, MT 50309",2005-06-28,M000000003
T000000048,Christopher,Jones,Christopher.Jon@gmail.com,084-421-5960,"5585 Jackson Valleys Suite 451 Taylorport, ND 70125",1995-10-21,M000000005
T000000049,Norman,Lloyd,Norman.Llo@outlook.com,090-130-0960,"3302 Herrera Villages Suite 400 Maybury, HI 36628",2006-11-13,M000000005
T000000050,Glen,Roberts,Glen.Rob@gmail.com,091-486-0762,"7306 Ruth Drive Apt. 359 Jeffreyview, AR 73842",1987-01-25,M000000007
T000000051,Samuel,Gainey,Samuel.Gai@outlook.com,080-629-7329,USS Chase FPO AE 54512,1991-10-03,M000000003
T000000052,Margaret,Juergens,Margaret.Jue@outlook.com,089-097-5408,"702 Sandra Ridges North Emilyberg, MA 45013",2000-11-21,M000000002
T000000053,Gayle,Crowder,Gayle.Cro@hotmail.com,082-079-8127,"311 Charles Lane Baileyburgh, WI 98489",2006-04-30,M000000001
T000000054,Marianne,Dover,Marianne.Dov@outlook.com,092-511-0292,"1008 Robin Dam Apt. 852 Daltonton, UT 22237",2001-12-18,M000000002
T000000055,Dora,Ankenman,Dora.Ank@hotmail.com,085-943-2153,"09914 Robinson Views Apt. 824 Pittsburgh, PA 30705",1997-03-01,M000000008
T000000056,John,Crosby,John.Cro@outlook.com,091-788-0040,"475 Jenkins Alley Suite 738 New Lisa, IN 45349",1991-07-12,M000000001
T000000057,Margaret,Shook,Margaret.Sho@hotmail.com,084-018-7760,"1438 Benjamin Coves Suite 789 Pennystad, RI 81079",1998-01-11,M000000007
T000000058,Abel,Debernardi,Abel.Deb@hotmail.com,093-904-1231,"357 Henry Wall Suite 932 Nelsonland, DE 52128",1990-06-05,M000000003
T000000059,Dale,Aldridge,Dale.Ald@hotmail.com,086-419-2115,"2984 Miller Spurs Apt. 456 Larrymouth, WI 84809",1997-11-05,M000000001
T000000060,Andrew,Earley,Andrew.Ear@outlook.com,087-249-6696,"5480 Brown Forest Suite 617 South Reginaton, GA 19661",1993-12-28,M000000002
T000000061,Ivan,Singleton,Ivan.Sin@hotmail.com,090-462-4291,"587 Matthew Corner Apt. 450 Scottshire, ME 67170",1998-07-14,M000000003
T000000062,Clyde,Motta,Clyde.Mot@hotmail.com,089-374-9229,"4164 Fields Motorway Suite 249 Tuckerton, WY 41935",2000-11-27,M000000006
T000000063,Paula,Parker,Paula.Par@outlook.com,083-433-2319,"039 Hicks Hollow Suite 638 Lake Kendraport, AZ 10455",2006-07-25,M000000002
T000000064,Stephen,Swank,Stephen.Swa@outlook.com,092-138-9199,"599 Brandon Lights Suite 470 New Tiffanychester, WA 70154",1987-04-30,M000000009
T000000065,Kendall,Halliday,Kendall.Hal@hotmail.com,092-755-5133,"025 Sanchez Estate North Lance, NJ 53752",2003-01-25,M000000009
T000000066,Alexis,Bivins,Alexis.Biv@hotmail.com,087-075-3545,"3098 Stephanie Via Apt. 594 New Tracey, UT 96432",2002-01-10,M000000008
T000000067,Janice,Gilbert,Janice.Gil@gmail.com,086-659-2635,"3809 Angela Mount Suite 742 East Robert, WI 92700",1987-01-02,M000000008
T000000068,Judith,Ross,Judith.Ros@outlook.com,080-374-4055,"50700 Marcia Plains Apt. 194 Millerberg, OK 17762",2001-04-22,M000000010
T000000069,Leon,Schuller,Leon.Sch@gmail.com,083-782-3631,"242 Matthew Pines Brittanyfort, ID 70775",1990-01-15,M000000001
T000000070,James,Jensen,James.Jen@hotmail.com,094-197-8122,"507 Norma Knoll Apt. 723 Amyburgh, AZ 10943",2003-04-01,M000000006
T000000071,Sue,Placha,Sue.Pla@outlook.com,088-602-6735,"740 Ashley Fall Suite 910 Douglasland, NJ 62651",2003-09-22,M000000006
T000000072,Joe,Drayton,Joe.Dra@hotmail.com,091-108-9522,"1871 Betty Stream Leahside, ME 84996",1991-03-24,M000000008
T000000073,Linda,Wobbleton,Linda.Wob@hotmail.com,082-151-1342,"10301 Cooper Trail East Nicholaschester, MO 19024",1993-05-07,M000000008
T000000074,Paula,Coach,Paula.Coa@outlook.com,093-987-3653,"PSC 3805, Box 2327 APO AE 97916",1997-05-06,M000000006
T000000075,Ronald,Lepe,Ronald.Lep@outlook.com,082-351-4480,"08617 Heather Rest North Barry, DC 17027",1986-07-13,M000000002
T000000076,James,Waggoner,James.Wag@outlook.com,086-664-3090,"70298 Nelson Forge Suite 396 Moraleston, IL 23082",2001-03-25,M000000004
T000000077,Belinda,Mcleod,Belinda.Mcl@hotmail.com,084-281-2482,"169 Monique Ports Suite 213 South Ronald, TN 63070",1992-12-01,M000000003
T000000078,Lissette,Hedley,Lissette.Hed@outlook.com,084-019-6607,"6586 Willis Avenue Suite 846 West Misty, KY 40481",1997-12-08,M000000005
T000000079,Elizabeth,Degiulio,Elizabeth.Deg@hotmail.com,091-429-2304,"2494 Church Terrace Apt. 857 Pruittchester, NM 22159",1989-01-22,M000000009
T000000080,Maria,Lang,Maria.Lan@gmail.com,087-205-9133,"97160 Shannon Park Lake Andrewberg, LA 48168",1985-06-30,M000000006
T000000081,Kevin,Fortin,Kevin.For@hotmail.com,090-250-0797,"6716 Ramsey Village Michaelview, OR 44639",2000-07-01,M000000001
T000000082,Kenneth,Bowling,Kenneth.Bow@outlook.com,083-627-3595,USS Lane FPO AA 91124,1997-02-10,M000000002
T000000083,Veronica,Twitty,Veronica.Twi@gmail.com,084-602-4297,"280 Makayla Curve Adamsville, IA 27716",1990-12-03,M000000004
T000000084,Francis,Chiarello,Francis.Chi@outlook.com,084-722-0587,"2133 Mullins Bridge Suite 802 Johnstonburgh, VT 02381",1989-04-19,M000000001
T000000085,Leeann,Lempke,Leeann.Lem@outlook.com,084-613-4264,"03684 Perez Avenue Robertberg, MN 53944",1986-06-26,M000000006
T000000086,Virginia,Bishop,Virginia.Bis@hotmail.com,094-968-1786,"02627 Wilson Center South James, MD 56413",1994-04-11,M000000001
T000000087,James,Marquez,James.Mar@gmail.com,083-949-7632,"83405 Jessica Trafficway Catherinebury, OH 78919",1998-05-27,M000000004
T000000088,Gregory,Scott,Gregory.Sco@hotmail.com,084-087-8546,"596 Anthony Brook Sheilaberg, NY 25500",1991-02-22,M000000006
T000000089,Vonda,Ostrander,Vonda.Ost@hotmail.com,086-098-5317,"782 Collins Island Suite 238 West Daniel, NJ 32487",1998-05-15,M000000008
T000000090,Alicia,Gray,Alicia.Gra@outlook.com,085-629-0595,"78393 Jason Mountains Apt. 140 North Rebecca, MN 27079",2002-01-29,M000000002
T000000091,Curtis,Holloway,Curtis.Hol@gmail.com,086-963-1601,"156 Jones Drives Apt. 380 North John, SD 20818",1993-01-20,M000000001
T000000092,Jack,Kaylor,Jack.Kay@outlook.com,089-057-4535,"695 Anthony Shores Apt. 786 Allenview, MT 98621",1989-01-21,M000000005
T000000093,Frederick,Johnson,Frederick.Joh@gmail.com,080-294-8768,"6674 Jackson Harbors Port Rebeccaside, ID 94030",2006-06-16,M000000006
T000000094,John,Ngo,John.Ngo@outlook.com,085-098-2413,"8644 Barnes Corner Melissaberg, MI 68468",2001-10-23,M000000010
T000000095,George,Carlson,George.Car@hotmail.com,080-016-0637,"2214 Kayla Freeway Port Breanna, FL 06204",1999-11-09,M000000005
T000000096,Wendy,Armstrong,Wendy.Arm@gmail.com,084-391-6639,"8825 Jennifer Turnpike New Nicoleburgh, MI 04279",1996-04-19,M000000010
T000000097,Ella,Jones,Ella.Jon@outlook.com,080-726-0440,"36343 Trevor Knolls Pollardtown, WV 07755",1999-05-21,M000000008
T000000098,Harold,Tocco,Harold.Toc@hotmail.com,081-709-1985,"87969 Griffin Stream Suite 404 Trevorville, SD 20530",1996-06-12,M000000009
T000000099,Georgia,Olaughlin,Georgia.Ola@outlook.com,080-271-0886,"650 Cobb Villages Whitemouth, NV 54778",1997-07-02,M000000001
T000000100,Lillie,Reed,Lillie.Ree@gmail.com,081-975-5944,"59159 Ian Rapid East Kennethhaven, WY 32743",1986-10-07,M000000007
